{
  "project_info": {
    "project_number": "128432089666",
    "firebase_url": "https://auth-7298d-default-rtdb.firebaseio.com",
    "project_id": "auth-7298d",
    "storage_bucket": "auth-7298d.appspot.com"
  },
  "client": [
    {
      "client_info": {
        "mobilesdk_app_id": "1:128432089666:android:a5af7b30693d6e51f2dbdb",
        "android_client_info": {
          "package_name": "com.example.basket"
        }
      },
      "oauth_client": [
        {
          "client_id": "128432089666-24mbm6o09ecf6mfhu4ou8i71e48lcbf3.apps.googleusercontent.com",
          "client_type": 3
        }
      ],
      "api_key": [
        {
          "current_key": "AIzaSyCzCyRRf72eYWSjopF_4po10QNE-M5Q7oc"
        }
      ],
      "services": {
        "appinvite_service": {
          "other_platform_oauth_client": [
            {
              "client_id": "128432089666-24mbm6o09ecf6mfhu4ou8i71e48lcbf3.apps.googleusercontent.com",
              "client_type": 3
            }
          ]
        }
      }
    }
  ],
  "configuration_version": "1"
}